{
  "frame": 127,
  "w": 1280,
  "h": 720,
  "fps": 30,
  "hips": {
    "x": 0.97427,
    "y": 0.76753,
    "score": 0.3037
  },
  "shoulders": {
    "x": 0.97528,
    "y": 0.71571,
    "score": 0.2857
  },
  "leadWrist": {
    "x": 0.97318,
    "y": 0.72553,
    "score": 0.3168
  },
  "rawScore": 0.3021
}