{
  "frame": 79,
  "w": 1280,
  "h": 720,
  "fps": 30,
  "hips": {
    "x": 0.55173,
    "y": 0.97624,
    "score": 0.3242
  },
  "shoulders": {
    "x": 0.55096,
    "y": 0.92843,
    "score": 0.3529
  },
  "leadWrist": {
    "x": 0.55282,
    "y": 0.95448,
    "score": 0.2432
  },
  "rawScore": 0.3068
}