{
  "frame": 163,
  "w": 1280,
  "h": 720,
  "fps": 30,
  "hips": {
    "x": 0.70454,
    "y": 0.8136,
    "score": 0.2837
  },
  "shoulders": {
    "x": 0.70382,
    "y": 0.7938,
    "score": 0.1994
  },
  "leadWrist": {
    "x": 0.702,
    "y": 0.80863,
    "score": 0.149
  },
  "rawScore": 0.2107
}