{
  "frame": 171,
  "w": 1280,
  "h": 720,
  "fps": 30,
  "hips": {
    "x": 0.69428,
    "y": 0.76879,
    "score": 0.1721
  },
  "shoulders": {
    "x": 0.69672,
    "y": 0.73952,
    "score": 0.1549
  },
  "leadWrist": {
    "x": 0.70742,
    "y": 0.75515,
    "score": 0.0552
  },
  "rawScore": 0.1274
}