{
  "frame": 89,
  "w": 1280,
  "h": 720,
  "fps": 30,
  "hips": {
    "x": 0.6811,
    "y": 0.77158,
    "score": 0.2554
  },
  "shoulders": {
    "x": 0.68148,
    "y": 0.75649,
    "score": 0.1822
  },
  "leadWrist": {
    "x": 0.67987,
    "y": 0.76661,
    "score": 0.1784
  },
  "rawScore": 0.2053
}