{
  "frame": 164,
  "w": 1280,
  "h": 720,
  "fps": 30,
  "hips": {
    "x": 0.6938,
    "y": 0.78847,
    "score": 0.2422
  },
  "shoulders": {
    "x": 0.69414,
    "y": 0.77354,
    "score": 0.1472
  },
  "leadWrist": {
    "x": 0.70293,
    "y": 0.78317,
    "score": 0.1593
  },
  "rawScore": 0.1829
}