{
  "frame": 26,
  "w": 1280,
  "h": 720,
  "fps": 30,
  "hips": {
    "x": 0.5328,
    "y": 0.94331,
    "score": 0.1934
  },
  "shoulders": {
    "x": 0.51385,
    "y": 0.93977,
    "score": 0.305
  },
  "leadWrist": {
    "x": 0.52761,
    "y": 0.93886,
    "score": 0.1893
  },
  "rawScore": 0.2292
}