{
  "frame": 24,
  "w": 1280,
  "h": 720,
  "fps": 30,
  "hips": {
    "x": 0.63447,
    "y": 0.7027,
    "score": 0.2128
  },
  "shoulders": {
    "x": 0.63841,
    "y": 0.66904,
    "score": 0.1313
  },
  "leadWrist": {
    "x": 0.6441,
    "y": 0.66962,
    "score": 0.0907
  },
  "rawScore": 0.1449
}