{
  "frame": 54,
  "w": 1280,
  "h": 720,
  "fps": 30,
  "hips": {
    "x": 0.65138,
    "y": 0.70992,
    "score": 0.434
  },
  "shoulders": {
    "x": 0.65013,
    "y": 0.69542,
    "score": 0.1154
  },
  "leadWrist": {
    "x": 0.65996,
    "y": 0.70986,
    "score": 0.0887
  },
  "rawScore": 0.2127
}