{
  "frame": 92,
  "w": 1280,
  "h": 720,
  "fps": 30,
  "hips": {
    "x": 0.5469,
    "y": 0.98365,
    "score": 0.3981
  },
  "shoulders": {
    "x": 0.5535,
    "y": 0.94114,
    "score": 0.3326
  },
  "leadWrist": {
    "x": 0.5587,
    "y": 0.95927,
    "score": 0.2267
  },
  "rawScore": 0.3191
}