{
  "frame": 159,
  "w": 1280,
  "h": 720,
  "fps": 30,
  "hips": {
    "x": 0.69054,
    "y": 0.80197,
    "score": 0.1603
  },
  "shoulders": {
    "x": 0.69013,
    "y": 0.76742,
    "score": 0.0421
  },
  "leadWrist": {
    "x": 0.69457,
    "y": 0.76868,
    "score": 0.0653
  },
  "rawScore": 0.0892
}