{
  "frame": 144,
  "w": 1280,
  "h": 720,
  "fps": 30,
  "hips": {
    "x": 0.55339,
    "y": 0.98213,
    "score": 0.1977
  },
  "shoulders": {
    "x": 0.5528,
    "y": 0.96083,
    "score": 0.1987
  },
  "leadWrist": {
    "x": 0.54855,
    "y": 0.97132,
    "score": 0.1236
  },
  "rawScore": 0.1733
}