{
  "frame": 55,
  "w": 1280,
  "h": 720,
  "fps": 30,
  "hips": {
    "x": 0.95097,
    "y": 0.71011,
    "score": 0.4187
  },
  "shoulders": {
    "x": 0.9513,
    "y": 0.66589,
    "score": 0.3034
  },
  "leadWrist": {
    "x": 0.95203,
    "y": 0.67998,
    "score": 0.3167
  },
  "rawScore": 0.3463
}