{
  "frame": 50,
  "w": 1280,
  "h": 720,
  "fps": 30,
  "hips": {
    "x": 0.64994,
    "y": 0.71221,
    "score": 0.1772
  },
  "shoulders": {
    "x": 0.64883,
    "y": 0.69107,
    "score": 0.134
  },
  "leadWrist": {
    "x": 0.65299,
    "y": 0.7077,
    "score": 0.0769
  },
  "rawScore": 0.1294
}