{
  "frame": 125,
  "w": 1280,
  "h": 720,
  "fps": 30,
  "hips": {
    "x": 0.55511,
    "y": 0.97713,
    "score": 0.1905
  },
  "shoulders": {
    "x": 0.55784,
    "y": 0.94292,
    "score": 0.1576
  },
  "leadWrist": {
    "x": 0.56392,
    "y": 0.96619,
    "score": 0.0908
  },
  "rawScore": 0.1463
}