{
  "frame": 137,
  "w": 1280,
  "h": 720,
  "fps": 30,
  "hips": {
    "x": 0.69122,
    "y": 0.79934,
    "score": 0.2972
  },
  "shoulders": {
    "x": 0.70129,
    "y": 0.78335,
    "score": 0.1973
  },
  "leadWrist": {
    "x": 0.69812,
    "y": 0.79376,
    "score": 0.163
  },
  "rawScore": 0.2192
}