{
  "frame": 170,
  "w": 1280,
  "h": 720,
  "fps": 30,
  "hips": {
    "x": 0.69418,
    "y": 0.7906,
    "score": 0.4248
  },
  "shoulders": {
    "x": 0.69458,
    "y": 0.75031,
    "score": 0.3787
  },
  "leadWrist": {
    "x": 0.68624,
    "y": 0.76399,
    "score": 0.1141
  },
  "rawScore": 0.3059
}