{
  "frame": 117,
  "w": 1280,
  "h": 720,
  "fps": 30,
  "hips": {
    "x": 0.23564,
    "y": 0.7969,
    "score": 0.456
  },
  "shoulders": {
    "x": 0.23642,
    "y": 0.76811,
    "score": 0.403
  },
  "leadWrist": {
    "x": 0.24419,
    "y": 0.78175,
    "score": 0.2863
  },
  "rawScore": 0.3818
}