{
  "frame": 168,
  "w": 1280,
  "h": 720,
  "fps": 30,
  "hips": {
    "x": 0.69421,
    "y": 0.7864,
    "score": 0.6211
  },
  "shoulders": {
    "x": 0.69534,
    "y": 0.74808,
    "score": 0.5614
  },
  "leadWrist": {
    "x": 0.70338,
    "y": 0.78308,
    "score": 0.307
  },
  "rawScore": 0.4965
}