{
  "frame": 84,
  "w": 1280,
  "h": 720,
  "fps": 30,
  "hips": {
    "x": 0.54808,
    "y": 0.9815,
    "score": 0.1683
  },
  "shoulders": {
    "x": 0.55198,
    "y": 0.93354,
    "score": 0.2632
  },
  "leadWrist": {
    "x": 0.56553,
    "y": 0.96583,
    "score": 0.1106
  },
  "rawScore": 0.1807
}