{
  "frame": 122,
  "w": 1280,
  "h": 720,
  "fps": 30,
  "hips": {
    "x": 0.55822,
    "y": 0.98317,
    "score": 0.329
  },
  "shoulders": {
    "x": 0.5559,
    "y": 0.95372,
    "score": 0.3369
  },
  "leadWrist": {
    "x": 0.56365,
    "y": 0.95859,
    "score": 0.1729
  },
  "rawScore": 0.2796
}