{
  "frame": 97,
  "w": 1280,
  "h": 720,
  "fps": 30,
  "hips": {
    "x": 0.97537,
    "y": 0.73135,
    "score": 0.3436
  },
  "shoulders": {
    "x": 0.97563,
    "y": 0.68382,
    "score": 0.3282
  },
  "leadWrist": {
    "x": 0.9791,
    "y": 0.70124,
    "score": 0.303
  },
  "rawScore": 0.3249
}