{
  "frame": 32,
  "w": 1280,
  "h": 720,
  "fps": 30,
  "hips": {
    "x": 0.64547,
    "y": 0.73953,
    "score": 0.3059
  },
  "shoulders": {
    "x": 0.647,
    "y": 0.71409,
    "score": 0.2716
  },
  "leadWrist": {
    "x": 0.64481,
    "y": 0.7382,
    "score": 0.2175
  },
  "rawScore": 0.265
}