{
  "frame": 104,
  "w": 1280,
  "h": 720,
  "fps": 30,
  "hips": {
    "x": 0.6745,
    "y": 0.75119,
    "score": 0.3662
  },
  "shoulders": {
    "x": 0.67391,
    "y": 0.73095,
    "score": 0.2245
  },
  "leadWrist": {
    "x": 0.68436,
    "y": 0.74039,
    "score": 0.144
  },
  "rawScore": 0.2449
}