{
  "frame": 42,
  "w": 1280,
  "h": 720,
  "fps": 30,
  "hips": {
    "x": 0.6476,
    "y": 0.72901,
    "score": 0.3288
  },
  "shoulders": {
    "x": 0.6466,
    "y": 0.6971,
    "score": 0.288
  },
  "leadWrist": {
    "x": 0.64522,
    "y": 0.7248,
    "score": 0.2563
  },
  "rawScore": 0.291
}