{
  "frame": 90,
  "w": 1280,
  "h": 720,
  "fps": 30,
  "hips": {
    "x": 0.9683,
    "y": 0.7201,
    "score": 0.3567
  },
  "shoulders": {
    "x": 0.96578,
    "y": 0.68361,
    "score": 0.3533
  },
  "leadWrist": {
    "x": 0.95634,
    "y": 0.7147,
    "score": 0.3562
  },
  "rawScore": 0.3554
}