{
  "frame": 49,
  "w": 1280,
  "h": 720,
  "fps": 30,
  "hips": {
    "x": 0.65448,
    "y": 0.73732,
    "score": 0.2888
  },
  "shoulders": {
    "x": 0.65386,
    "y": 0.71428,
    "score": 0.246
  },
  "leadWrist": {
    "x": 0.65486,
    "y": 0.73774,
    "score": 0.265
  },
  "rawScore": 0.2666
}