{
  "frame": 11,
  "w": 1280,
  "h": 720,
  "fps": 30,
  "hips": {
    "x": 0.66161,
    "y": 0.75037,
    "score": 0.134
  },
  "shoulders": {
    "x": 0.65913,
    "y": 0.72389,
    "score": 0.1979
  },
  "leadWrist": {
    "x": 0.65715,
    "y": 0.74079,
    "score": 0.1636
  },
  "rawScore": 0.1652
}