{
  "frame": 166,
  "w": 1280,
  "h": 720,
  "fps": 30,
  "hips": {
    "x": 0.69896,
    "y": 0.80894,
    "score": 0.3463
  },
  "shoulders": {
    "x": 0.69318,
    "y": 0.78753,
    "score": 0.2793
  },
  "leadWrist": {
    "x": 0.69473,
    "y": 0.80581,
    "score": 0.2663
  },
  "rawScore": 0.2973
}