{
  "frame": 23,
  "w": 1280,
  "h": 720,
  "fps": 30,
  "hips": {
    "x": 0.63562,
    "y": 0.71097,
    "score": 0.4655
  },
  "shoulders": {
    "x": 0.63619,
    "y": 0.6762,
    "score": 0.3504
  },
  "leadWrist": {
    "x": 0.63548,
    "y": 0.68681,
    "score": 0.094
  },
  "rawScore": 0.3033
}