{
  "frame": 75,
  "w": 1280,
  "h": 720,
  "fps": 30,
  "hips": {
    "x": 0.55038,
    "y": 0.98314,
    "score": 0.2786
  },
  "shoulders": {
    "x": 0.55045,
    "y": 0.94397,
    "score": 0.2883
  },
  "leadWrist": {
    "x": 0.54979,
    "y": 0.95953,
    "score": 0.21
  },
  "rawScore": 0.259
}