{
  "frame": 131,
  "w": 1280,
  "h": 720,
  "fps": 30,
  "hips": {
    "x": 0.55345,
    "y": 0.98116,
    "score": 0.3306
  },
  "shoulders": {
    "x": 0.55264,
    "y": 0.95763,
    "score": 0.3764
  },
  "leadWrist": {
    "x": 0.54972,
    "y": 0.97129,
    "score": 0.3441
  },
  "rawScore": 0.3504
}