{
  "frame": 56,
  "w": 1280,
  "h": 720,
  "fps": 30,
  "hips": {
    "x": 0.95992,
    "y": 0.71122,
    "score": 0.2556
  },
  "shoulders": {
    "x": 0.96044,
    "y": 0.69211,
    "score": 0.281
  },
  "leadWrist": {
    "x": 0.96092,
    "y": 0.7106,
    "score": 0.2184
  },
  "rawScore": 0.2517
}