{
  "frame": 46,
  "w": 1280,
  "h": 720,
  "fps": 30,
  "hips": {
    "x": 0.64552,
    "y": 0.69725,
    "score": 0.3255
  },
  "shoulders": {
    "x": 0.64664,
    "y": 0.66078,
    "score": 0.1669
  },
  "leadWrist": {
    "x": 0.6648,
    "y": 0.67464,
    "score": 0.1203
  },
  "rawScore": 0.2042
}