{
  "frame": 25,
  "w": 1280,
  "h": 720,
  "fps": 30,
  "hips": {
    "x": 0.52942,
    "y": 0.55417,
    "score": 0.096
  },
  "shoulders": {
    "x": 0.72364,
    "y": 0.58171,
    "score": 0.223
  },
  "leadWrist": {
    "x": 0.52485,
    "y": 0.90077,
    "score": 0.2032
  },
  "rawScore": 0.1741
}