{
  "frame": 19,
  "w": 1280,
  "h": 720,
  "fps": 30,
  "hips": {
    "x": 0.52154,
    "y": 0.93388,
    "score": 0.3224
  },
  "shoulders": {
    "x": 0.5169,
    "y": 0.90289,
    "score": 0.3685
  },
  "leadWrist": {
    "x": 0.52428,
    "y": 0.91021,
    "score": 0.3266
  },
  "rawScore": 0.3392
}