{
  "frame": 51,
  "w": 1280,
  "h": 720,
  "fps": 30,
  "hips": {
    "x": 0.94504,
    "y": 0.69834,
    "score": 0.3643
  },
  "shoulders": {
    "x": 0.94383,
    "y": 0.64797,
    "score": 0.3277
  },
  "leadWrist": {
    "x": 0.94858,
    "y": 0.66852,
    "score": 0.3082
  },
  "rawScore": 0.3334
}