{
  "frame": 63,
  "w": 1280,
  "h": 720,
  "fps": 30,
  "hips": {
    "x": 0.56524,
    "y": 0.41794,
    "score": 0.2119
  },
  "shoulders": {
    "x": 0.95407,
    "y": 0.66186,
    "score": 0.2738
  },
  "leadWrist": {
    "x": 0.95172,
    "y": 0.6676,
    "score": 0.2515
  },
  "rawScore": 0.2457
}