{
  "frame": 118,
  "w": 1280,
  "h": 720,
  "fps": 30,
  "hips": {
    "x": 0.23766,
    "y": 0.79173,
    "score": 0.1526
  },
  "shoulders": {
    "x": 0.2398,
    "y": 0.75472,
    "score": 0.2135
  },
  "leadWrist": {
    "x": 0.24894,
    "y": 0.77896,
    "score": 0.0831
  },
  "rawScore": 0.1497
}