{
  "frame": 68,
  "w": 1280,
  "h": 720,
  "fps": 30,
  "hips": {
    "x": 0.54616,
    "y": 0.98115,
    "score": 0.3077
  },
  "shoulders": {
    "x": 0.55313,
    "y": 0.92634,
    "score": 0.2763
  },
  "leadWrist": {
    "x": 0.54351,
    "y": 0.94969,
    "score": 0.2631
  },
  "rawScore": 0.2824
}