{
  "frame": 160,
  "w": 1280,
  "h": 720,
  "fps": 30,
  "hips": {
    "x": 0.28631,
    "y": 0.83579,
    "score": 0.2032
  },
  "shoulders": {
    "x": 0.27061,
    "y": 0.79227,
    "score": 0.4014
  },
  "leadWrist": {
    "x": 0.26788,
    "y": 0.81469,
    "score": 0.2358
  },
  "rawScore": 0.2801
}