{
  "frame": 21,
  "w": 1280,
  "h": 720,
  "fps": 30,
  "hips": {
    "x": 0.6424,
    "y": 0.72387,
    "score": 0.3082
  },
  "shoulders": {
    "x": 0.64376,
    "y": 0.69489,
    "score": 0.2061
  },
  "leadWrist": {
    "x": 0.64325,
    "y": 0.72031,
    "score": 0.2301
  },
  "rawScore": 0.2481
}