{
  "frame": 71,
  "w": 1280,
  "h": 720,
  "fps": 30,
  "hips": {
    "x": 0.55175,
    "y": 0.95818,
    "score": 0.3053
  },
  "shoulders": {
    "x": 0.55314,
    "y": 0.9104,
    "score": 0.3883
  },
  "leadWrist": {
    "x": 0.54645,
    "y": 0.94907,
    "score": 0.1509
  },
  "rawScore": 0.2815
}