{
  "frame": 105,
  "w": 1280,
  "h": 720,
  "fps": 30,
  "hips": {
    "x": 0.67564,
    "y": 0.743,
    "score": 0.3079
  },
  "shoulders": {
    "x": 0.67763,
    "y": 0.7121,
    "score": 0.174
  },
  "leadWrist": {
    "x": 0.66597,
    "y": 0.72366,
    "score": 0.1188
  },
  "rawScore": 0.2002
}