{
  "frame": 7,
  "w": 1280,
  "h": 720,
  "fps": 30,
  "hips": {
    "x": 0.53554,
    "y": 0.97873,
    "score": 0.2615
  },
  "shoulders": {
    "x": 0.53992,
    "y": 0.92208,
    "score": 0.2865
  },
  "leadWrist": {
    "x": 0.53343,
    "y": 0.93659,
    "score": 0.1719
  },
  "rawScore": 0.24
}