{
  "frame": 111,
  "w": 1280,
  "h": 720,
  "fps": 30,
  "hips": {
    "x": 0.55315,
    "y": 0.97029,
    "score": 0.1622
  },
  "shoulders": {
    "x": 0.56061,
    "y": 0.93149,
    "score": 0.2403
  },
  "leadWrist": {
    "x": 0.55768,
    "y": 0.96023,
    "score": 0.1148
  },
  "rawScore": 0.1724
}