{
  "frame": 38,
  "w": 1280,
  "h": 720,
  "fps": 30,
  "hips": {
    "x": 0.52237,
    "y": 0.94327,
    "score": 0.2635
  },
  "shoulders": {
    "x": 0.5135,
    "y": 0.92353,
    "score": 0.3093
  },
  "leadWrist": {
    "x": 0.5285,
    "y": 0.94456,
    "score": 0.2472
  },
  "rawScore": 0.2733
}