{
  "frame": 133,
  "w": 1280,
  "h": 720,
  "fps": 30,
  "hips": {
    "x": 0.55219,
    "y": 0.9816,
    "score": 0.354
  },
  "shoulders": {
    "x": 0.55067,
    "y": 0.96168,
    "score": 0.306
  },
  "leadWrist": {
    "x": 0.54664,
    "y": 0.971,
    "score": 0.3239
  },
  "rawScore": 0.328
}