{
  "frame": 167,
  "w": 1280,
  "h": 720,
  "fps": 30,
  "hips": {
    "x": 0.69367,
    "y": 0.79286,
    "score": 0.2823
  },
  "shoulders": {
    "x": 0.69343,
    "y": 0.76776,
    "score": 0.256
  },
  "leadWrist": {
    "x": 0.70412,
    "y": 0.78824,
    "score": 0.2533
  },
  "rawScore": 0.2639
}