{
  "frame": 103,
  "w": 1280,
  "h": 720,
  "fps": 30,
  "hips": {
    "x": 0.67995,
    "y": 0.76886,
    "score": 0.2769
  },
  "shoulders": {
    "x": 0.68241,
    "y": 0.75248,
    "score": 0.218
  },
  "leadWrist": {
    "x": 0.68119,
    "y": 0.75722,
    "score": 0.1859
  },
  "rawScore": 0.2269
}