{
  "frame": 110,
  "w": 1280,
  "h": 720,
  "fps": 30,
  "hips": {
    "x": 0.55146,
    "y": 0.98115,
    "score": 0.3914
  },
  "shoulders": {
    "x": 0.55246,
    "y": 0.94183,
    "score": 0.3801
  },
  "leadWrist": {
    "x": 0.5557,
    "y": 0.96747,
    "score": 0.2945
  },
  "rawScore": 0.3553
}