{
  "frame": 139,
  "w": 1280,
  "h": 720,
  "fps": 30,
  "hips": {
    "x": 0.55295,
    "y": 0.9856,
    "score": 0.3104
  },
  "shoulders": {
    "x": 0.55197,
    "y": 0.96572,
    "score": 0.2823
  },
  "leadWrist": {
    "x": 0.55227,
    "y": 0.96779,
    "score": 0.3003
  },
  "rawScore": 0.2977
}