{
  "frame": 151,
  "w": 1280,
  "h": 720,
  "fps": 30,
  "hips": {
    "x": 0.68864,
    "y": 0.80805,
    "score": 0.3781
  },
  "shoulders": {
    "x": 0.69061,
    "y": 0.78745,
    "score": 0.2914
  },
  "leadWrist": {
    "x": 0.69256,
    "y": 0.80068,
    "score": 0.2869
  },
  "rawScore": 0.3188
}