{
  "frame": 83,
  "w": 1280,
  "h": 720,
  "fps": 30,
  "hips": {
    "x": 0.54926,
    "y": 0.98347,
    "score": 0.3347
  },
  "shoulders": {
    "x": 0.55326,
    "y": 0.9333,
    "score": 0.2863
  },
  "leadWrist": {
    "x": 0.55188,
    "y": 0.9579,
    "score": 0.186
  },
  "rawScore": 0.269
}