{
  "frame": 22,
  "w": 1280,
  "h": 720,
  "fps": 30,
  "hips": {
    "x": 0.63766,
    "y": 0.70531,
    "score": 0.5816
  },
  "shoulders": {
    "x": 0.63841,
    "y": 0.66958,
    "score": 0.4283
  },
  "leadWrist": {
    "x": 0.6579,
    "y": 0.67254,
    "score": 0.1935
  },
  "rawScore": 0.4011
}