{
  "frame": 169,
  "w": 1280,
  "h": 720,
  "fps": 30,
  "hips": {
    "x": 0.69383,
    "y": 0.78714,
    "score": 0.3451
  },
  "shoulders": {
    "x": 0.69465,
    "y": 0.74882,
    "score": 0.3322
  },
  "leadWrist": {
    "x": 0.69924,
    "y": 0.7473,
    "score": 0.1085
  },
  "rawScore": 0.2619
}