{
  "frame": 158,
  "w": 1280,
  "h": 720,
  "fps": 30,
  "hips": {
    "x": 0.69843,
    "y": 0.80447,
    "score": 0.3434
  },
  "shoulders": {
    "x": 0.69494,
    "y": 0.77856,
    "score": 0.3069
  },
  "leadWrist": {
    "x": 0.69707,
    "y": 0.79718,
    "score": 0.3472
  },
  "rawScore": 0.3325
}