{
  "frame": 61,
  "w": 1280,
  "h": 720,
  "fps": 30,
  "hips": {
    "x": 0.66416,
    "y": 0.74913,
    "score": 0.3338
  },
  "shoulders": {
    "x": 0.66373,
    "y": 0.72614,
    "score": 0.2078
  },
  "leadWrist": {
    "x": 0.66275,
    "y": 0.74007,
    "score": 0.2469
  },
  "rawScore": 0.2628
}