{
  "frame": 17,
  "w": 1280,
  "h": 720,
  "fps": 30,
  "hips": {
    "x": 0.6493,
    "y": 0.72808,
    "score": 0.245
  },
  "shoulders": {
    "x": 0.64695,
    "y": 0.70529,
    "score": 0.2244
  },
  "leadWrist": {
    "x": 0.64552,
    "y": 0.71879,
    "score": 0.2575
  },
  "rawScore": 0.2423
}