{
  "frame": 59,
  "w": 1280,
  "h": 720,
  "fps": 30,
  "hips": {
    "x": 0.66006,
    "y": 0.7437,
    "score": 0.2283
  },
  "shoulders": {
    "x": 0.65789,
    "y": 0.71646,
    "score": 0.3059
  },
  "leadWrist": {
    "x": 0.65593,
    "y": 0.73505,
    "score": 0.2596
  },
  "rawScore": 0.2646
}