{
  "frame": 86,
  "w": 1280,
  "h": 720,
  "fps": 30,
  "hips": {
    "x": 0.97073,
    "y": 0.71824,
    "score": 0.3617
  },
  "shoulders": {
    "x": 0.97391,
    "y": 0.67173,
    "score": 0.3441
  },
  "leadWrist": {
    "x": 0.96102,
    "y": 0.71117,
    "score": 0.452
  },
  "rawScore": 0.3859
}