{
  "frame": 9,
  "w": 1280,
  "h": 720,
  "fps": 30,
  "hips": {
    "x": 0.64746,
    "y": 0.73909,
    "score": 0.1746
  },
  "shoulders": {
    "x": 0.64044,
    "y": 0.74417,
    "score": 0.1857
  },
  "leadWrist": {
    "x": 0.94254,
    "y": 0.65015,
    "score": 0.4086
  },
  "rawScore": 0.2563
}