{
  "frame": 45,
  "w": 1280,
  "h": 720,
  "fps": 30,
  "hips": {
    "x": 0.64577,
    "y": 0.70493,
    "score": 0.517
  },
  "shoulders": {
    "x": 0.64665,
    "y": 0.67104,
    "score": 0.3184
  },
  "leadWrist": {
    "x": 0.66197,
    "y": 0.67146,
    "score": 0.1197
  },
  "rawScore": 0.3184
}