{
  "frame": 143,
  "w": 1280,
  "h": 720,
  "fps": 30,
  "hips": {
    "x": 0.55534,
    "y": 0.9847,
    "score": 0.3085
  },
  "shoulders": {
    "x": 0.55404,
    "y": 0.96542,
    "score": 0.2959
  },
  "leadWrist": {
    "x": 0.55871,
    "y": 0.96381,
    "score": 0.3581
  },
  "rawScore": 0.3208
}