{
  "frame": 129,
  "w": 1280,
  "h": 720,
  "fps": 30,
  "hips": {
    "x": 0.55392,
    "y": 0.98628,
    "score": 0.3759
  },
  "shoulders": {
    "x": 0.55202,
    "y": 0.9615,
    "score": 0.3155
  },
  "leadWrist": {
    "x": 0.55845,
    "y": 0.95826,
    "score": 0.2033
  },
  "rawScore": 0.2982
}