{
  "frame": 37,
  "w": 1280,
  "h": 720,
  "fps": 30,
  "hips": {
    "x": 0.64204,
    "y": 0.71825,
    "score": 0.2459
  },
  "shoulders": {
    "x": 0.64342,
    "y": 0.69402,
    "score": 0.1827
  },
  "leadWrist": {
    "x": 0.64457,
    "y": 0.72245,
    "score": 0.1901
  },
  "rawScore": 0.2062
}