{
  "frame": 30,
  "w": 1280,
  "h": 720,
  "fps": 30,
  "hips": {
    "x": 0.63983,
    "y": 0.73028,
    "score": 0.1118
  },
  "shoulders": {
    "x": 0.64018,
    "y": 0.70672,
    "score": 0.0631
  },
  "leadWrist": {
    "x": 0.64712,
    "y": 0.72098,
    "score": 0.0925
  },
  "rawScore": 0.0891
}