{
  "frame": 96,
  "w": 1280,
  "h": 720,
  "fps": 30,
  "hips": {
    "x": 0.68972,
    "y": 0.78812,
    "score": 0.197
  },
  "shoulders": {
    "x": 0.68997,
    "y": 0.77504,
    "score": 0.221
  },
  "leadWrist": {
    "x": 0.69115,
    "y": 0.77343,
    "score": 0.1658
  },
  "rawScore": 0.1946
}