{
  "frame": 27,
  "w": 1280,
  "h": 720,
  "fps": 30,
  "hips": {
    "x": 0.54537,
    "y": 0.8849,
    "score": 0.2801
  },
  "shoulders": {
    "x": 0.53843,
    "y": 0.84796,
    "score": 0.0314
  },
  "leadWrist": {
    "x": 0.5166,
    "y": 0.91404,
    "score": 0.1779
  },
  "rawScore": 0.1631
}