{
  "frame": 98,
  "w": 1280,
  "h": 720,
  "fps": 30,
  "hips": {
    "x": 0.96225,
    "y": 0.73855,
    "score": 0.2166
  },
  "shoulders": {
    "x": 0.96521,
    "y": 0.72031,
    "score": 0.3234
  },
  "leadWrist": {
    "x": 0.9597,
    "y": 0.73976,
    "score": 0.1377
  },
  "rawScore": 0.2259
}