{
  "frame": 44,
  "w": 1280,
  "h": 720,
  "fps": 30,
  "hips": {
    "x": 0.64539,
    "y": 0.71081,
    "score": 0.7018
  },
  "shoulders": {
    "x": 0.64624,
    "y": 0.67631,
    "score": 0.6062
  },
  "leadWrist": {
    "x": 0.66544,
    "y": 0.68098,
    "score": 0.2487
  },
  "rawScore": 0.5189
}