{
  "frame": 156,
  "w": 1280,
  "h": 720,
  "fps": 30,
  "hips": {
    "x": 0.69976,
    "y": 0.80757,
    "score": 0.2445
  },
  "shoulders": {
    "x": 0.69954,
    "y": 0.78762,
    "score": 0.2835
  },
  "leadWrist": {
    "x": 0.6939,
    "y": 0.79893,
    "score": 0.287
  },
  "rawScore": 0.2717
}