{
  "frame": 29,
  "w": 1280,
  "h": 720,
  "fps": 30,
  "hips": {
    "x": 0.64382,
    "y": 0.73269,
    "score": 0.2969
  },
  "shoulders": {
    "x": 0.64823,
    "y": 0.71263,
    "score": 0.215
  },
  "leadWrist": {
    "x": 0.64546,
    "y": 0.73137,
    "score": 0.2302
  },
  "rawScore": 0.2474
}