{
  "frame": 40,
  "w": 1280,
  "h": 720,
  "fps": 30,
  "hips": {
    "x": 0.5198,
    "y": 0.97977,
    "score": 0.3138
  },
  "shoulders": {
    "x": 0.52434,
    "y": 0.92412,
    "score": 0.3271
  },
  "leadWrist": {
    "x": 0.52204,
    "y": 0.95398,
    "score": 0.2369
  },
  "rawScore": 0.2926
}