{
  "frame": 106,
  "w": 1280,
  "h": 720,
  "fps": 30,
  "hips": {
    "x": 0.95096,
    "y": 0.77473,
    "score": 0.256
  },
  "shoulders": {
    "x": 0.95372,
    "y": 0.71831,
    "score": 0.3475
  },
  "leadWrist": {
    "x": 0.9496,
    "y": 0.73022,
    "score": 0.3151
  },
  "rawScore": 0.3062
}