{
  "frame": 152,
  "w": 1280,
  "h": 720,
  "fps": 30,
  "hips": {
    "x": 0.6868,
    "y": 0.79353,
    "score": 0.2605
  },
  "shoulders": {
    "x": 0.68716,
    "y": 0.76719,
    "score": 0.2294
  },
  "leadWrist": {
    "x": 0.69757,
    "y": 0.77461,
    "score": 0.1333
  },
  "rawScore": 0.2077
}