{
  "frame": 8,
  "w": 1280,
  "h": 720,
  "fps": 30,
  "hips": {
    "x": 0.53083,
    "y": 0.96136,
    "score": 0.1769
  },
  "shoulders": {
    "x": 0.53399,
    "y": 0.91816,
    "score": 0.2024
  },
  "leadWrist": {
    "x": 0.548,
    "y": 0.96136,
    "score": 0.1234
  },
  "rawScore": 0.1676
}