{
  "frame": 116,
  "w": 1280,
  "h": 720,
  "fps": 30,
  "hips": {
    "x": 0.24693,
    "y": 0.79375,
    "score": 0.2484
  },
  "shoulders": {
    "x": 0.24718,
    "y": 0.7649,
    "score": 0.3829
  },
  "leadWrist": {
    "x": 0.25212,
    "y": 0.78545,
    "score": 0.2446
  },
  "rawScore": 0.292
}