{
  "frame": 70,
  "w": 1280,
  "h": 720,
  "fps": 30,
  "hips": {
    "x": 0.54396,
    "y": 0.97942,
    "score": 0.3377
  },
  "shoulders": {
    "x": 0.54925,
    "y": 0.92999,
    "score": 0.2775
  },
  "leadWrist": {
    "x": 0.54327,
    "y": 0.95362,
    "score": 0.2926
  },
  "rawScore": 0.3026
}