{
  "frame": 113,
  "w": 1280,
  "h": 720,
  "fps": 30,
  "hips": {
    "x": 0.56024,
    "y": 0.98208,
    "score": 0.3247
  },
  "shoulders": {
    "x": 0.55901,
    "y": 0.95688,
    "score": 0.3447
  },
  "leadWrist": {
    "x": 0.55788,
    "y": 0.96849,
    "score": 0.3125
  },
  "rawScore": 0.3273
}