{
  "frame": 126,
  "w": 1280,
  "h": 720,
  "fps": 30,
  "hips": {
    "x": 0.25711,
    "y": 0.86402,
    "score": 0.1856
  },
  "shoulders": {
    "x": 0.2609,
    "y": 0.80086,
    "score": 0.2445
  },
  "leadWrist": {
    "x": 0.24318,
    "y": 0.81641,
    "score": 0.2726
  },
  "rawScore": 0.2342
}