{
  "frame": 53,
  "w": 1280,
  "h": 720,
  "fps": 30,
  "hips": {
    "x": 0.65751,
    "y": 0.74478,
    "score": 0.2458
  },
  "shoulders": {
    "x": 0.65559,
    "y": 0.71996,
    "score": 0.2946
  },
  "leadWrist": {
    "x": 0.65467,
    "y": 0.73509,
    "score": 0.2905
  },
  "rawScore": 0.277
}