{
  "frame": 77,
  "w": 1280,
  "h": 720,
  "fps": 30,
  "hips": {
    "x": 0.54815,
    "y": 0.98335,
    "score": 0.3278
  },
  "shoulders": {
    "x": 0.54669,
    "y": 0.94116,
    "score": 0.2708
  },
  "leadWrist": {
    "x": 0.55206,
    "y": 0.96175,
    "score": 0.2425
  },
  "rawScore": 0.2804
}