{
  "frame": 43,
  "w": 1280,
  "h": 720,
  "fps": 30,
  "hips": {
    "x": 0.64437,
    "y": 0.71963,
    "score": 0.3453
  },
  "shoulders": {
    "x": 0.64723,
    "y": 0.68108,
    "score": 0.2766
  },
  "leadWrist": {
    "x": 0.66457,
    "y": 0.68208,
    "score": 0.1733
  },
  "rawScore": 0.2651
}