{
  "frame": 66,
  "w": 1280,
  "h": 720,
  "fps": 30,
  "hips": {
    "x": 0.54321,
    "y": 0.98092,
    "score": 0.266
  },
  "shoulders": {
    "x": 0.5482,
    "y": 0.92249,
    "score": 0.2519
  },
  "leadWrist": {
    "x": 0.54234,
    "y": 0.94847,
    "score": 0.2264
  },
  "rawScore": 0.2481
}