{
  "frame": 153,
  "w": 1280,
  "h": 720,
  "fps": 30,
  "hips": {
    "x": 0.6882,
    "y": 0.76923,
    "score": 0.2481
  },
  "shoulders": {
    "x": 0.68864,
    "y": 0.74661,
    "score": 0.1583
  },
  "leadWrist": {
    "x": 0.69881,
    "y": 0.76727,
    "score": 0.0854
  },
  "rawScore": 0.1639
}