{
  "frame": 120,
  "w": 1280,
  "h": 720,
  "fps": 30,
  "hips": {
    "x": 0.56219,
    "y": 0.98673,
    "score": 0.253
  },
  "shoulders": {
    "x": 0.55933,
    "y": 0.96113,
    "score": 0.3255
  },
  "leadWrist": {
    "x": 0.5636,
    "y": 0.96332,
    "score": 0.1662
  },
  "rawScore": 0.2482
}