{
  "frame": 35,
  "w": 1280,
  "h": 720,
  "fps": 30,
  "hips": {
    "x": 0.51147,
    "y": 0.98157,
    "score": 0.2997
  },
  "shoulders": {
    "x": 0.51738,
    "y": 0.93475,
    "score": 0.2373
  },
  "leadWrist": {
    "x": 0.51601,
    "y": 0.95043,
    "score": 0.1946
  },
  "rawScore": 0.2439
}