{
  "frame": 81,
  "w": 1280,
  "h": 720,
  "fps": 30,
  "hips": {
    "x": 0.55,
    "y": 0.98134,
    "score": 0.3669
  },
  "shoulders": {
    "x": 0.55088,
    "y": 0.93304,
    "score": 0.3261
  },
  "leadWrist": {
    "x": 0.54951,
    "y": 0.95915,
    "score": 0.2888
  },
  "rawScore": 0.3273
}