{
  "frame": 18,
  "w": 1280,
  "h": 720,
  "fps": 30,
  "hips": {
    "x": 0.64254,
    "y": 0.7039,
    "score": 0.1942
  },
  "shoulders": {
    "x": 0.64137,
    "y": 0.68351,
    "score": 0.1484
  },
  "leadWrist": {
    "x": 0.64573,
    "y": 0.69956,
    "score": 0.0908
  },
  "rawScore": 0.1445
}