{
  "frame": 135,
  "w": 1280,
  "h": 720,
  "fps": 30,
  "hips": {
    "x": 0.55276,
    "y": 0.98188,
    "score": 0.2919
  },
  "shoulders": {
    "x": 0.55293,
    "y": 0.96232,
    "score": 0.3022
  },
  "leadWrist": {
    "x": 0.54829,
    "y": 0.96282,
    "score": 0.2376
  },
  "rawScore": 0.2772
}