{
  "frame": 114,
  "w": 1280,
  "h": 720,
  "fps": 30,
  "hips": {
    "x": 0.5658,
    "y": 0.96797,
    "score": 0.1836
  },
  "shoulders": {
    "x": 0.56305,
    "y": 0.93163,
    "score": 0.2777
  },
  "leadWrist": {
    "x": 0.56247,
    "y": 0.96313,
    "score": 0.1149
  },
  "rawScore": 0.1921
}