{
  "frame": 94,
  "w": 1280,
  "h": 720,
  "fps": 30,
  "hips": {
    "x": 0.55031,
    "y": 0.98305,
    "score": 0.3868
  },
  "shoulders": {
    "x": 0.55246,
    "y": 0.93858,
    "score": 0.3425
  },
  "leadWrist": {
    "x": 0.55959,
    "y": 0.95784,
    "score": 0.2206
  },
  "rawScore": 0.3166
}