{
  "frame": 62,
  "w": 1280,
  "h": 720,
  "fps": 30,
  "hips": {
    "x": 0.65654,
    "y": 0.73074,
    "score": 0.1937
  },
  "shoulders": {
    "x": 0.65663,
    "y": 0.70336,
    "score": 0.2003
  },
  "leadWrist": {
    "x": 0.66567,
    "y": 0.71179,
    "score": 0.098
  },
  "rawScore": 0.164
}