{
  "frame": 124,
  "w": 1280,
  "h": 720,
  "fps": 30,
  "hips": {
    "x": 0.55325,
    "y": 0.98417,
    "score": 0.3461
  },
  "shoulders": {
    "x": 0.55364,
    "y": 0.956,
    "score": 0.3961
  },
  "leadWrist": {
    "x": 0.5572,
    "y": 0.95789,
    "score": 0.2095
  },
  "rawScore": 0.3172
}