{
  "frame": 145,
  "w": 1280,
  "h": 720,
  "fps": 30,
  "hips": {
    "x": 0.5566,
    "y": 0.9854,
    "score": 0.1947
  },
  "shoulders": {
    "x": 0.55493,
    "y": 0.96297,
    "score": 0.3685
  },
  "leadWrist": {
    "x": 0.548,
    "y": 0.97252,
    "score": 0.1127
  },
  "rawScore": 0.2253
}