{
  "frame": 149,
  "w": 1280,
  "h": 720,
  "fps": 30,
  "hips": {
    "x": 0.25745,
    "y": 0.82038,
    "score": 0.3224
  },
  "shoulders": {
    "x": 0.25395,
    "y": 0.78256,
    "score": 0.3009
  },
  "leadWrist": {
    "x": 0.25719,
    "y": 0.80803,
    "score": 0.2225
  },
  "rawScore": 0.2819
}