{
  "frame": 85,
  "w": 1280,
  "h": 720,
  "fps": 30,
  "hips": {
    "x": 0.25129,
    "y": 0.84784,
    "score": 0.1823
  },
  "shoulders": {
    "x": 0.22268,
    "y": 0.8026,
    "score": 0.2563
  },
  "leadWrist": {
    "x": 0.209,
    "y": 0.78798,
    "score": 0.189
  },
  "rawScore": 0.2092
}