{
  "frame": 108,
  "w": 1280,
  "h": 720,
  "fps": 30,
  "hips": {
    "x": 0.55243,
    "y": 0.98015,
    "score": 0.3934
  },
  "shoulders": {
    "x": 0.55378,
    "y": 0.93857,
    "score": 0.3786
  },
  "leadWrist": {
    "x": 0.55595,
    "y": 0.96379,
    "score": 0.318
  },
  "rawScore": 0.3633
}