{
  "frame": 140,
  "w": 1280,
  "h": 720,
  "fps": 30,
  "hips": {
    "x": 0.55297,
    "y": 0.98554,
    "score": 0.3021
  },
  "shoulders": {
    "x": 0.55291,
    "y": 0.96336,
    "score": 0.2677
  },
  "leadWrist": {
    "x": 0.55867,
    "y": 0.96751,
    "score": 0.1119
  },
  "rawScore": 0.2272
}