{
  "frame": 141,
  "w": 1280,
  "h": 720,
  "fps": 30,
  "hips": {
    "x": 0.55346,
    "y": 0.98243,
    "score": 0.4061
  },
  "shoulders": {
    "x": 0.55347,
    "y": 0.9598,
    "score": 0.351
  },
  "leadWrist": {
    "x": 0.55751,
    "y": 0.96396,
    "score": 0.2067
  },
  "rawScore": 0.3213
}